provider,category,n,sync_c,sync_d,sync_c_std,sync_d_std,samples
indextts2_int_calm_a1.0,intensity,3,7.879,6.779,1.003,0.577,"1,7,13"
f5_gain_p10dB,transform,3,8.176,6.789,0.895,0.371,"3,8,10"
indextts2_emo_angry,emotion,5,8.109,6.81,0.932,0.816,"1,4,7,10,13"
indextts2_int_happy_a0.6,intensity,3,7.642,6.938,1.046,0.645,"1,7,13"
indextts2_emo_calm,emotion,5,7.582,7.162,1.283,0.803,"1,4,7,10,13"
indextts2_int_happy_a0.3,intensity,3,7.187,7.269,0.686,0.254,"1,7,13"
emo_angry_bothnorm,normalized,5,7.064,7.272,0.889,0.373,"1,4,7,10,13"
emo_angry_loudnorm,normalized,5,7.042,7.293,0.809,0.353,"1,4,7,10,13"
indextts2_int_calm_a0.3,intensity,3,7.213,7.315,1.073,0.808,"1,7,13"
indextts2_int_calm_a0.6,intensity,3,7.285,7.359,1.364,0.703,"1,7,13"
emo_angry_durnorm,normalized,5,6.953,7.386,0.853,0.587,"1,4,7,10,13"
f5_gain_p0dB,transform,3,7.331,7.386,0.477,0.239,"3,10,12"
indextts2_int_happy_a1.0,intensity,3,6.843,7.468,0.867,0.491,"1,7,13"
siliconflow,cross_model,13,6.601,7.511,1.166,0.757,"1,2,3,4,5,6,7,8,9,10,11,12,13"
emo_calm_durnorm,normalized,5,6.628,7.518,0.935,0.626,"1,4,7,10,13"
faster_qwen3,cross_model,12,6.686,7.536,0.923,0.498,"1,2,3,4,5,6,7,8,10,11,12,13"
emo_calm_bothnorm,normalized,5,7.019,7.543,0.853,0.323,"1,4,7,10,13"
f5_tts_loudnorm,cross_model,13,7.749,7.545,0.643,0.646,"1,2,3,4,5,6,7,8,9,10,11,12,13"
aishell1_test,other,9,6.819,7.55,0.63,0.443,"1,2,3,4,5,6,7,8,10"
indextts2_emo_surprised,emotion,5,7.073,7.567,1.17,0.841,"1,4,7,10,13"
emo_calm_loudnorm,normalized,5,6.985,7.595,0.877,0.334,"1,4,7,10,13"
indextts2_emo_disgusted,emotion,5,6.881,7.604,1.016,0.552,"1,4,7,10,13"
fish_audio,cross_model,12,7.571,7.648,0.718,0.644,"1,2,3,4,5,6,7,8,10,11,12,13"
f5_tts,cross_model,13,7.19,7.711,0.577,0.604,"1,2,3,4,5,6,7,8,9,10,11,12,13"
indextts2_baseline,cross_model,13,6.729,7.719,0.624,0.644,"1,2,3,4,5,6,7,8,9,10,11,12,13"
higgs_loudnorm,cross_model,13,7.313,7.764,0.821,0.835,"1,2,3,4,5,6,7,8,9,10,11,12,13"
indextts2_emo_afraid,emotion,5,5.426,7.777,0.633,1.11,"1,4,7,10,13"
f5_lowpass_8000hz,transform,4,7.369,7.779,0.971,0.746,"6,8,10,12"
qwen3_loudnorm,cross_model,13,7.347,7.799,1.014,1.091,"1,2,3,4,5,6,7,8,9,10,11,12,13"
indextts2_emo_sad,emotion,5,5.423,7.813,0.666,0.81,"1,4,7,10,13"
indextts2_emo_melancholic,emotion,5,5.234,7.814,0.304,0.749,"1,4,7,10,13"
indextts2_emo_happy,emotion,5,6.625,7.837,0.819,0.732,"1,4,7,10,13"
dashscope_vc,cross_model,13,7.182,7.857,1.116,1.101,"1,2,3,4,5,6,7,8,9,10,11,12,13"
emo_disgusted_bothnorm,normalized,5,6.109,7.882,0.839,0.605,"1,4,7,10,13"
gsv_tts,cross_model,13,6.362,7.919,1.076,0.876,"1,2,3,4,5,6,7,8,9,10,11,12,13"
emo_surprised_durnorm,normalized,5,6.071,7.933,1.092,0.742,"1,4,7,10,13"
gsv_bothnorm,normalized,13,6.581,7.946,0.877,0.782,"1,2,3,4,5,6,7,8,9,10,11,12,13"
indextts2_loudnorm,normalized,13,6.531,7.955,0.492,0.457,"1,2,3,4,5,6,7,8,9,10,11,12,13"
gsv_loudnorm,normalized,13,6.591,7.958,0.92,0.788,"1,2,3,4,5,6,7,8,9,10,11,12,13"
emo_disgusted_loudnorm,normalized,5,6.042,7.972,0.852,0.615,"1,4,7,10,13"
f5_gain_m5dB,transform,5,6.748,7.983,0.518,0.736,"3,6,8,10,12"
emo_disgusted_durnorm,normalized,5,5.978,8.008,0.736,0.528,"1,4,7,10,13"
indextts2_bothnorm,normalized,13,6.5,8.01,0.509,0.437,"1,2,3,4,5,6,7,8,9,10,11,12,13"
emo_surprised_loudnorm,normalized,5,6.047,8.015,1.108,0.657,"1,4,7,10,13"
f5_lowpass_6000hz,transform,3,6.78,8.017,0.56,0.464,"6,8,12"
indextts2_durnorm,normalized,13,5.851,8.023,0.531,0.492,"1,2,3,4,5,6,7,8,9,10,11,12,13"
higgs_tts,cross_model,13,6.444,8.044,1.014,0.961,"1,2,3,4,5,6,7,8,9,10,11,12,13"
gsv_durnorm,normalized,13,5.781,8.045,0.944,0.857,"1,2,3,4,5,6,7,8,9,10,11,12,13"
emo_surprised_bothnorm,normalized,5,6.01,8.061,1.059,0.631,"1,4,7,10,13"
emo_melancholic_durnorm,normalized,5,4.233,8.143,0.378,0.861,"1,4,7,10,13"
emo_happy_loudnorm,normalized,5,5.611,8.154,0.745,0.665,"1,4,7,10,13"
emo_happy_bothnorm,normalized,5,5.599,8.16,0.838,0.771,"1,4,7,10,13"
chattts_original,cross_model,7,6.968,8.161,1.255,1.167,"1,4,5,10,11,12,13"
chattts_loudnorm,cross_model,7,6.791,8.196,1.229,1.13,"1,4,5,10,11,12,13"
emo_sad_durnorm,normalized,5,4.373,8.2,0.617,0.757,"1,4,7,10,13"
emo_happy_durnorm,normalized,5,5.557,8.261,0.955,0.81,"1,4,7,10,13"
f5_gain_m10dB,transform,5,6.273,8.289,0.73,0.745,"3,6,8,10,12"
emo_afraid_durnorm,normalized,5,4.179,8.319,0.725,1.142,"1,4,7,10,13"
fish_durnorm,normalized,12,6.187,8.367,0.555,0.412,"1,2,3,4,5,6,7,8,10,11,12,13"
emo_sad_loudnorm,normalized,5,4.319,8.377,0.675,0.739,"1,4,7,10,13"
emo_afraid_bothnorm,normalized,5,4.36,8.38,0.55,0.963,"1,4,7,10,13"
emo_afraid_loudnorm,normalized,5,4.331,8.385,0.58,1.048,"1,4,7,10,13"
emo_melancholic_loudnorm,normalized,5,4.904,8.388,0.62,0.916,"1,4,7,10,13"
emo_sad_bothnorm,normalized,5,4.328,8.395,0.625,0.663,"1,4,7,10,13"
emo_melancholic_bothnorm,normalized,5,4.933,8.411,0.501,0.806,"1,4,7,10,13"
fish_bothnorm,normalized,12,5.819,8.511,0.732,0.579,"1,2,3,4,5,6,7,8,10,11,12,13"
fish_loudnorm,normalized,12,5.812,8.538,0.74,0.539,"1,2,3,4,5,6,7,8,10,11,12,13"
f5_lowpass_3000hz,transform,3,5.232,8.785,0.257,0.241,"3,10,12"
