run_id,provider,sample,condition,sync_c,sync_d,src_round
aishell1_ldn_20260707T070936Z,aishell1_test,1,natural_raw,7.489,7.26,r2
aishell1_strict_20260707T081223Z,aishell1_test,1,natural_raw,4.73,8.573,r2
aishell1_strict_20260707T081223Z,aishell1_test,1,tts_raw,6.491,7.36,r2
aishell1_ldn_20260707T070936Z,aishell1_test,2,natural_raw,8.04,7.457,r2
aishell1_strict_20260707T081223Z,aishell1_test,2,natural_raw,5.396,8.774,r2
aishell1_strict_20260707T081223Z,aishell1_test,2,tts_raw,6.6,7.752,r2
aishell1_ldn_20260707T070936Z,aishell1_test,3,natural_raw,9.426,5.698,r2
aishell1_strict_20260707T081223Z,aishell1_test,3,natural_raw,6.337,7.604,r2
aishell1_strict_20260707T081223Z,aishell1_test,3,tts_raw,7.444,7.131,r2
aishell1_ldn_20260707T070936Z,aishell1_test,4,natural_raw,7.511,8.077,r2
aishell1_strict_20260707T081223Z,aishell1_test,4,natural_raw,5.37,9.259,r2
aishell1_strict_20260707T081223Z,aishell1_test,4,tts_raw,6.843,7.941,r2
aishell1_ldn_20260707T070936Z,aishell1_test,5,natural_raw,7.756,7.876,r2
aishell1_strict_20260707T081223Z,aishell1_test,5,natural_raw,5.137,8.32,r2
aishell1_strict_20260707T081223Z,aishell1_test,5,tts_raw,6.161,8.007,r2
aishell1_ldn_20260707T070936Z,aishell1_test,6,natural_raw,7.05,8.525,r2
aishell1_strict_20260707T081223Z,aishell1_test,6,natural_raw,5.326,8.519,r2
aishell1_strict_20260707T081223Z,aishell1_test,6,tts_raw,6.149,7.996,r2
aishell1_ldn_20260707T070936Z,aishell1_test,7,natural_raw,8.545,6.954,r2
aishell1_strict_20260707T081223Z,aishell1_test,7,natural_raw,6.552,7.308,r2
aishell1_strict_20260707T081223Z,aishell1_test,7,tts_raw,6.406,7.828,r2
aishell1_strict_20260707T081223Z,aishell1_test,8,natural_raw,5.979,8.287,r2
aishell1_strict_20260707T081223Z,aishell1_test,8,tts_raw,7.977,6.948,r2
aishell1_strict_20260707T081223Z,aishell1_test,9,natural_raw,6.539,6.696,r2
aishell1_strict_20260707T081223Z,aishell1_test,10,natural_raw,5.335,8.205,r2
aishell1_strict_20260707T081223Z,aishell1_test,10,tts_raw,7.303,6.989,r2
r5_chattts_loudnorm,chattts_loudnorm,1,natural_raw,4.481,8.741,r5
r5_chattts_loudnorm,chattts_loudnorm,1,tts_raw,6.855,7.7,r5
r5_chattts_loudnorm,chattts_loudnorm,2,natural_raw,5.367,8.64,r5
r5_chattts_loudnorm,chattts_loudnorm,3,natural_raw,6.29,7.728,r5
r5_chattts_loudnorm,chattts_loudnorm,4,natural_raw,5.331,9.321,r5
r5_chattts_loudnorm,chattts_loudnorm,4,tts_raw,5.586,10.221,r5
r5_chattts_loudnorm,chattts_loudnorm,5,natural_raw,5.177,8.279,r5
r5_chattts_loudnorm,chattts_loudnorm,5,tts_raw,6.14,8.426,r5
r5_chattts_loudnorm,chattts_loudnorm,6,natural_raw,5.535,8.406,r5
r5_chattts_loudnorm,chattts_loudnorm,7,natural_raw,6.475,7.326,r5
r5_chattts_loudnorm,chattts_loudnorm,8,natural_raw,5.891,8.294,r5
r5_chattts_loudnorm,chattts_loudnorm,9,natural_raw,6.727,6.604,r5
r5_chattts_loudnorm,chattts_loudnorm,10,natural_raw,5.612,8.009,r5
r5_chattts_loudnorm,chattts_loudnorm,10,tts_raw,8.018,7.422,r5
r5_chattts_loudnorm,chattts_loudnorm,11,natural_raw,5.962,7.918,r5
r5_chattts_loudnorm,chattts_loudnorm,11,tts_raw,5.986,8.271,r5
r5_chattts_loudnorm,chattts_loudnorm,12,natural_raw,7.034,7.157,r5
r5_chattts_loudnorm,chattts_loudnorm,12,tts_raw,8.906,6.642,r5
r5_chattts_loudnorm,chattts_loudnorm,13,tts_raw,6.048,8.692,r5
r5_chattts_original,chattts_original,1,natural_raw,4.811,8.535,r5
r5_chattts_original,chattts_original,1,tts_raw,7.287,7.441,r5
r5_chattts_original,chattts_original,2,natural_raw,5.302,8.801,r5
r5_chattts_original,chattts_original,3,natural_raw,6.456,7.561,r5
r5_chattts_original,chattts_original,4,natural_raw,5.169,9.351,r5
r5_chattts_original,chattts_original,4,tts_raw,5.977,9.902,r5
r5_chattts_original,chattts_original,5,natural_raw,5.206,8.241,r5
r5_chattts_original,chattts_original,5,tts_raw,6.09,8.566,r5
r5_chattts_original,chattts_original,6,natural_raw,5.529,8.374,r5
r5_chattts_original,chattts_original,7,natural_raw,6.301,7.348,r5
r5_chattts_original,chattts_original,8,natural_raw,5.902,8.26,r5
r5_chattts_original,chattts_original,9,natural_raw,6.4,6.672,r5
r5_chattts_original,chattts_original,10,natural_raw,5.707,7.876,r5
r5_chattts_original,chattts_original,10,tts_raw,8.138,7.101,r5
r5_chattts_original,chattts_original,11,natural_raw,6.041,7.83,r5
r5_chattts_original,chattts_original,11,tts_raw,5.876,8.675,r5
r5_chattts_original,chattts_original,12,natural_raw,7.125,7.047,r5
r5_chattts_original,chattts_original,12,tts_raw,9.108,6.562,r5
r5_chattts_original,chattts_original,13,natural_raw,4.326,8.837,r5
r5_chattts_original,chattts_original,13,tts_raw,6.299,8.88,r5
r2_dashscope_vc_20260707T143930Z,dashscope_vc,1,natural_raw,4.552,8.746,r2
r2_dashscope_vc_20260707T143930Z,dashscope_vc,1,tts_raw,7.013,7.608,r2
r2_dashscope_vc_20260707T143930Z,dashscope_vc,2,natural_raw,5.525,8.569,r2
r2_dashscope_vc_20260707T143930Z,dashscope_vc,2,tts_raw,8.162,7.577,r2
r2_dashscope_vc_20260707T143930Z,dashscope_vc,3,natural_raw,6.473,7.555,r2
r2_dashscope_vc_20260707T143930Z,dashscope_vc,3,tts_raw,8.836,6.357,r2
r2_dashscope_vc_20260707T143930Z,dashscope_vc,4,natural_raw,5.548,9.142,r2
r2_dashscope_vc_20260707T143930Z,dashscope_vc,4,tts_raw,6.776,8.751,r2
r2_dashscope_vc_20260707T143930Z,dashscope_vc,5,natural_raw,5.225,8.299,r2
r2_dashscope_vc_20260707T143930Z,dashscope_vc,5,tts_raw,7.724,7.95,r2
r2_dashscope_vc_20260707T143930Z,dashscope_vc,6,natural_raw,5.577,8.276,r2
r2_dashscope_vc_20260707T143930Z,dashscope_vc,6,tts_raw,5.174,10.351,r2
r2_dashscope_vc_20260707T143930Z,dashscope_vc,7,natural_raw,6.504,7.284,r2
r2_dashscope_vc_20260707T143930Z,dashscope_vc,7,tts_raw,7.361,8.111,r2
r2_dashscope_vc_20260707T143930Z,dashscope_vc,8,natural_raw,5.839,8.318,r2
r2_dashscope_vc_20260707T143930Z,dashscope_vc,8,tts_raw,6.46,7.822,r2
r2_dashscope_vc_20260707T143930Z,dashscope_vc,9,natural_raw,6.518,6.863,r2
r2_dashscope_vc_20260707T143930Z,dashscope_vc,9,tts_raw,6.086,8.042,r2
r2_dashscope_vc_20260707T143930Z,dashscope_vc,10,natural_raw,5.551,8.124,r2
r2_dashscope_vc_20260707T143930Z,dashscope_vc,10,tts_raw,7.339,6.699,r2
r2_dashscope_vc_20260707T143930Z,dashscope_vc,11,natural_raw,5.941,7.968,r2
r2_dashscope_vc_20260707T143930Z,dashscope_vc,11,tts_raw,7.255,7.603,r2
r2_dashscope_vc_20260707T143930Z,dashscope_vc,12,natural_raw,7.162,7.074,r2
r2_dashscope_vc_20260707T143930Z,dashscope_vc,12,tts_raw,9.105,6.308,r2
r2_dashscope_vc_20260707T143930Z,dashscope_vc,13,natural_raw,4.263,8.732,r2
r2_dashscope_vc_20260707T143930Z,dashscope_vc,13,tts_raw,6.071,8.959,r2
r4_bothnorm_emo_afraid,emo_afraid_bothnorm,1,tts_raw,3.854,7.859,r4
r4_bothnorm_emo_afraid,emo_afraid_bothnorm,4,tts_raw,4.138,10.03,r4
r4_bothnorm_emo_afraid,emo_afraid_bothnorm,7,tts_raw,4.17,8.299,r4
r4_bothnorm_emo_afraid,emo_afraid_bothnorm,10,tts_raw,4.345,8.137,r4
r4_bothnorm_emo_afraid,emo_afraid_bothnorm,13,tts_raw,5.293,7.576,r4
r4_durnorm_emo_afraid,emo_afraid_durnorm,1,tts_raw,3.763,7.826,r4
r4_durnorm_emo_afraid,emo_afraid_durnorm,4,tts_raw,3.701,10.264,r4
r4_durnorm_emo_afraid,emo_afraid_durnorm,7,tts_raw,3.633,8.311,r4
r4_durnorm_emo_afraid,emo_afraid_durnorm,10,tts_raw,4.47,7.872,r4
r4_durnorm_emo_afraid,emo_afraid_durnorm,13,tts_raw,5.327,7.322,r4
r4_loudnorm_emo_afraid,emo_afraid_loudnorm,1,tts_raw,3.845,7.912,r4
r4_loudnorm_emo_afraid,emo_afraid_loudnorm,4,tts_raw,3.994,10.194,r4
r4_loudnorm_emo_afraid,emo_afraid_loudnorm,7,tts_raw,4.238,8.227,r4
r4_loudnorm_emo_afraid,emo_afraid_loudnorm,10,tts_raw,4.255,8.098,r4
r4_loudnorm_emo_afraid,emo_afraid_loudnorm,13,tts_raw,5.321,7.496,r4
r4_bothnorm_emo_angry,emo_angry_bothnorm,1,tts_raw,5.648,7.883,r4
r4_bothnorm_emo_angry,emo_angry_bothnorm,4,tts_raw,7.81,7.333,r4
r4_bothnorm_emo_angry,emo_angry_bothnorm,7,tts_raw,7.476,7.171,r4
r4_bothnorm_emo_angry,emo_angry_bothnorm,10,tts_raw,6.748,7.034,r4
r4_bothnorm_emo_angry,emo_angry_bothnorm,13,tts_raw,7.636,6.938,r4
r4_durnorm_emo_angry,emo_angry_durnorm,1,tts_raw,5.631,7.974,r4
r4_durnorm_emo_angry,emo_angry_durnorm,4,tts_raw,7.042,8.055,r4
r4_durnorm_emo_angry,emo_angry_durnorm,7,tts_raw,7.405,7.132,r4
r4_durnorm_emo_angry,emo_angry_durnorm,10,tts_raw,6.776,6.983,r4
r4_durnorm_emo_angry,emo_angry_durnorm,13,tts_raw,7.912,6.786,r4
r4_loudnorm_emo_angry,emo_angry_loudnorm,1,tts_raw,5.841,7.782,r4
r4_loudnorm_emo_angry,emo_angry_loudnorm,4,tts_raw,7.6,7.52,r4
r4_loudnorm_emo_angry,emo_angry_loudnorm,7,tts_raw,7.557,7.197,r4
r4_loudnorm_emo_angry,emo_angry_loudnorm,10,tts_raw,6.563,7.039,r4
r4_loudnorm_emo_angry,emo_angry_loudnorm,13,tts_raw,7.651,6.925,r4
r4_bothnorm_emo_calm,emo_calm_bothnorm,1,tts_raw,5.618,7.804,r4
r4_bothnorm_emo_calm,emo_calm_bothnorm,4,tts_raw,7.077,7.94,r4
r4_bothnorm_emo_calm,emo_calm_bothnorm,7,tts_raw,7.643,7.429,r4
r4_bothnorm_emo_calm,emo_calm_bothnorm,10,tts_raw,6.995,7.148,r4
r4_bothnorm_emo_calm,emo_calm_bothnorm,13,tts_raw,7.763,7.394,r4
r4_durnorm_emo_calm,emo_calm_durnorm,1,tts_raw,5.423,7.811,r4
r4_durnorm_emo_calm,emo_calm_durnorm,4,tts_raw,6.46,8.27,r4
r4_durnorm_emo_calm,emo_calm_durnorm,7,tts_raw,7.815,6.703,r4
r4_durnorm_emo_calm,emo_calm_durnorm,10,tts_raw,6.177,7.067,r4
r4_durnorm_emo_calm,emo_calm_durnorm,13,tts_raw,7.265,7.739,r4
r4_loudnorm_emo_calm,emo_calm_loudnorm,1,tts_raw,5.557,7.937,r4
r4_loudnorm_emo_calm,emo_calm_loudnorm,4,tts_raw,7.102,7.937,r4
r4_loudnorm_emo_calm,emo_calm_loudnorm,7,tts_raw,7.826,7.334,r4
r4_loudnorm_emo_calm,emo_calm_loudnorm,10,tts_raw,6.899,7.217,r4
r4_loudnorm_emo_calm,emo_calm_loudnorm,13,tts_raw,7.543,7.552,r4
r4_bothnorm_emo_disgusted,emo_disgusted_bothnorm,1,tts_raw,5.95,7.477,r4
r4_bothnorm_emo_disgusted,emo_disgusted_bothnorm,4,tts_raw,5.783,8.897,r4
r4_bothnorm_emo_disgusted,emo_disgusted_bothnorm,7,tts_raw,5.686,7.693,r4
r4_bothnorm_emo_disgusted,emo_disgusted_bothnorm,10,tts_raw,5.541,7.945,r4
r4_bothnorm_emo_disgusted,emo_disgusted_bothnorm,13,tts_raw,7.586,7.4,r4
r4_durnorm_emo_disgusted,emo_disgusted_durnorm,1,tts_raw,5.686,7.778,r4
r4_durnorm_emo_disgusted,emo_disgusted_durnorm,4,tts_raw,6.008,8.917,r4
r4_durnorm_emo_disgusted,emo_disgusted_durnorm,7,tts_raw,5.289,7.937,r4
r4_durnorm_emo_disgusted,emo_disgusted_durnorm,10,tts_raw,5.695,7.854,r4
r4_durnorm_emo_disgusted,emo_disgusted_durnorm,13,tts_raw,7.214,7.555,r4
r4_loudnorm_emo_disgusted,emo_disgusted_loudnorm,1,tts_raw,5.758,7.678,r4
r4_loudnorm_emo_disgusted,emo_disgusted_loudnorm,4,tts_raw,5.791,9.023,r4
r4_loudnorm_emo_disgusted,emo_disgusted_loudnorm,7,tts_raw,5.549,7.746,r4
r4_loudnorm_emo_disgusted,emo_disgusted_loudnorm,10,tts_raw,5.561,7.961,r4
r4_loudnorm_emo_disgusted,emo_disgusted_loudnorm,13,tts_raw,7.553,7.451,r4
r4_bothnorm_emo_happy,emo_happy_bothnorm,1,tts_raw,4.319,8.919,r4
r4_bothnorm_emo_happy,emo_happy_bothnorm,4,tts_raw,5.625,8.867,r4
r4_bothnorm_emo_happy,emo_happy_bothnorm,7,tts_raw,5.943,7.983,r4
r4_bothnorm_emo_happy,emo_happy_bothnorm,10,tts_raw,5.49,7.986,r4
r4_bothnorm_emo_happy,emo_happy_bothnorm,13,tts_raw,6.619,7.045,r4
r4_durnorm_emo_happy,emo_happy_durnorm,1,tts_raw,4.16,9.296,r4
r4_durnorm_emo_happy,emo_happy_durnorm,4,tts_raw,5.43,8.842,r4
r4_durnorm_emo_happy,emo_happy_durnorm,7,tts_raw,5.903,7.936,r4
r4_durnorm_emo_happy,emo_happy_durnorm,10,tts_raw,5.489,7.989,r4
r4_durnorm_emo_happy,emo_happy_durnorm,13,tts_raw,6.803,7.244,r4
r4_loudnorm_emo_happy,emo_happy_loudnorm,1,tts_raw,4.476,8.888,r4
r4_loudnorm_emo_happy,emo_happy_loudnorm,4,tts_raw,5.609,8.667,r4
r4_loudnorm_emo_happy,emo_happy_loudnorm,7,tts_raw,5.824,8.078,r4
r4_loudnorm_emo_happy,emo_happy_loudnorm,10,tts_raw,5.595,7.942,r4
r4_loudnorm_emo_happy,emo_happy_loudnorm,13,tts_raw,6.551,7.196,r4
r4_bothnorm_emo_melancholic,emo_melancholic_bothnorm,1,tts_raw,4.876,8.415,r4
r4_bothnorm_emo_melancholic,emo_melancholic_bothnorm,4,tts_raw,4.414,9.757,r4
r4_bothnorm_emo_melancholic,emo_melancholic_bothnorm,7,tts_raw,4.845,8.237,r4
r4_bothnorm_emo_melancholic,emo_melancholic_bothnorm,10,tts_raw,4.761,8.011,r4
r4_bothnorm_emo_melancholic,emo_melancholic_bothnorm,13,tts_raw,5.767,7.637,r4
r4_durnorm_emo_melancholic,emo_melancholic_durnorm,1,tts_raw,3.826,8.319,r4
r4_durnorm_emo_melancholic,emo_melancholic_durnorm,4,tts_raw,4.107,9.535,r4
r4_durnorm_emo_melancholic,emo_melancholic_durnorm,7,tts_raw,4.067,7.964,r4
r4_durnorm_emo_melancholic,emo_melancholic_durnorm,10,tts_raw,4.336,7.412,r4
r4_durnorm_emo_melancholic,emo_melancholic_durnorm,13,tts_raw,4.827,7.485,r4
r4_loudnorm_emo_melancholic,emo_melancholic_loudnorm,1,tts_raw,4.75,8.474,r4
r4_loudnorm_emo_melancholic,emo_melancholic_loudnorm,4,tts_raw,4.193,9.913,r4
r4_loudnorm_emo_melancholic,emo_melancholic_loudnorm,7,tts_raw,4.931,8.1,r4
r4_loudnorm_emo_melancholic,emo_melancholic_loudnorm,10,tts_raw,4.749,7.916,r4
r4_loudnorm_emo_melancholic,emo_melancholic_loudnorm,13,tts_raw,5.897,7.539,r4
r4_bothnorm_emo_sad,emo_sad_bothnorm,1,tts_raw,3.589,8.61,r4
r4_bothnorm_emo_sad,emo_sad_bothnorm,4,tts_raw,4.348,9.308,r4
r4_bothnorm_emo_sad,emo_sad_bothnorm,7,tts_raw,3.89,8.323,r4
r4_bothnorm_emo_sad,emo_sad_bothnorm,10,tts_raw,4.628,8.264,r4
r4_bothnorm_emo_sad,emo_sad_bothnorm,13,tts_raw,5.186,7.471,r4
r4_durnorm_emo_sad,emo_sad_durnorm,1,tts_raw,3.756,8.248,r4
r4_durnorm_emo_sad,emo_sad_durnorm,4,tts_raw,4.272,9.262,r4
r4_durnorm_emo_sad,emo_sad_durnorm,7,tts_raw,3.862,8.012,r4
r4_durnorm_emo_sad,emo_sad_durnorm,10,tts_raw,4.746,8.334,r4
r4_durnorm_emo_sad,emo_sad_durnorm,13,tts_raw,5.228,7.146,r4
r4_loudnorm_emo_sad,emo_sad_loudnorm,1,tts_raw,3.585,8.688,r4
r4_loudnorm_emo_sad,emo_sad_loudnorm,4,tts_raw,4.075,9.312,r4
r4_loudnorm_emo_sad,emo_sad_loudnorm,7,tts_raw,3.96,8.418,r4
r4_loudnorm_emo_sad,emo_sad_loudnorm,10,tts_raw,4.67,8.171,r4
r4_loudnorm_emo_sad,emo_sad_loudnorm,13,tts_raw,5.304,7.296,r4
r4_bothnorm_emo_surprised,emo_surprised_bothnorm,1,tts_raw,4.701,8.861,r4
r4_bothnorm_emo_surprised,emo_surprised_bothnorm,4,tts_raw,6.711,8.396,r4
r4_bothnorm_emo_surprised,emo_surprised_bothnorm,7,tts_raw,5.522,8.033,r4
r4_bothnorm_emo_surprised,emo_surprised_bothnorm,10,tts_raw,5.709,7.846,r4
r4_bothnorm_emo_surprised,emo_surprised_bothnorm,13,tts_raw,7.406,7.171,r4
r4_durnorm_emo_surprised,emo_surprised_durnorm,1,tts_raw,4.322,9.03,r4
r4_durnorm_emo_surprised,emo_surprised_durnorm,4,tts_raw,6.601,8.336,r4
r4_durnorm_emo_surprised,emo_surprised_durnorm,7,tts_raw,5.925,7.675,r4
r4_durnorm_emo_surprised,emo_surprised_durnorm,10,tts_raw,6.261,7.292,r4
r4_durnorm_emo_surprised,emo_surprised_durnorm,13,tts_raw,7.244,7.334,r4
r4_loudnorm_emo_surprised,emo_surprised_loudnorm,1,tts_raw,4.403,9.096,r4
r4_loudnorm_emo_surprised,emo_surprised_loudnorm,4,tts_raw,6.942,8.026,r4
r4_loudnorm_emo_surprised,emo_surprised_loudnorm,7,tts_raw,5.965,7.724,r4
r4_loudnorm_emo_surprised,emo_surprised_loudnorm,10,tts_raw,5.738,7.891,r4
r4_loudnorm_emo_surprised,emo_surprised_loudnorm,13,tts_raw,7.188,7.339,r4
r5_f5_gain_m10dB,f5_gain_m10dB,3,tts_raw,6.154,8.062,r5
r5_f5_gain_m10dB,f5_gain_m10dB,6,tts_raw,5.117,9.548,r5
r5_f5_gain_m10dB,f5_gain_m10dB,8,tts_raw,7.095,7.909,r5
r5_f5_gain_m10dB,f5_gain_m10dB,10,tts_raw,6.485,7.625,r5
r5_f5_gain_m10dB,f5_gain_m10dB,12,tts_raw,6.516,8.303,r5
r5_f5_gain_m5dB,f5_gain_m5dB,3,tts_raw,7.229,7.105,r5
r5_f5_gain_m5dB,f5_gain_m5dB,6,tts_raw,5.965,9.124,r5
r5_f5_gain_m5dB,f5_gain_m5dB,8,tts_raw,7.203,7.922,r5
r5_f5_gain_m5dB,f5_gain_m5dB,10,tts_raw,6.597,7.694,r5
r5_f5_gain_m5dB,f5_gain_m5dB,12,tts_raw,6.748,8.071,r5
r5_f5_gain_p0dB,f5_gain_p0dB,3,tts_raw,7.311,7.146,r5
r5_f5_gain_p0dB,f5_gain_p0dB,10,tts_raw,6.864,7.624,r5
r5_f5_gain_p0dB,f5_gain_p0dB,12,tts_raw,7.818,7.387,r5
r5_f5_gain_p10dB,f5_gain_p10dB,3,tts_raw,7.708,6.856,r5
r5_f5_gain_p10dB,f5_gain_p10dB,8,tts_raw,9.208,6.39,r5
r5_f5_gain_p10dB,f5_gain_p10dB,10,tts_raw,7.612,7.122,r5
r5_f5_gain_p5dB,f5_gain_p5dB,3,tts_raw,7.609,7.053,r5
r5_f5_gain_p5dB,f5_gain_p5dB,8,tts_raw,8.813,6.704,r5
r5_f5_lowpass_3000hz,f5_lowpass_3000hz,3,tts_raw,5.079,8.882,r5
r5_f5_lowpass_3000hz,f5_lowpass_3000hz,10,tts_raw,5.088,8.511,r5
r5_f5_lowpass_3000hz,f5_lowpass_3000hz,12,tts_raw,5.528,8.962,r5
r5_f5_lowpass_6000hz,f5_lowpass_6000hz,6,tts_raw,6.151,8.509,r5
r5_f5_lowpass_6000hz,f5_lowpass_6000hz,8,tts_raw,6.964,7.953,r5
r5_f5_lowpass_6000hz,f5_lowpass_6000hz,12,tts_raw,7.224,7.588,r5
r5_f5_lowpass_8000hz,f5_lowpass_8000hz,6,tts_raw,6.244,8.855,r5
r5_f5_lowpass_8000hz,f5_lowpass_8000hz,8,tts_raw,8.297,7.203,r5
r5_f5_lowpass_8000hz,f5_lowpass_8000hz,10,tts_raw,6.884,7.691,r5
r5_f5_lowpass_8000hz,f5_lowpass_8000hz,12,tts_raw,8.052,7.366,r5
r5_f5_tts,f5_tts,1,natural_raw,4.745,8.623,r5
r5_f5_tts,f5_tts,1,tts_raw,6.387,7.778,r5
r5_f5_tts,f5_tts,2,natural_raw,5.459,8.626,r5
r5_f5_tts,f5_tts,2,tts_raw,7.765,7.33,r5
r5_f5_tts,f5_tts,3,natural_raw,6.307,7.634,r5
r5_f5_tts,f5_tts,3,tts_raw,7.305,7.138,r5
r5_f5_tts,f5_tts,4,natural_raw,5.375,9.205,r5
r5_f5_tts,f5_tts,4,tts_raw,6.915,8.88,r5
r5_f5_tts,f5_tts,5,natural_raw,4.982,8.449,r5
r5_f5_tts,f5_tts,5,tts_raw,7.18,7.676,r5
r5_f5_tts,f5_tts,6,natural_raw,5.538,8.447,r5
r5_f5_tts,f5_tts,6,tts_raw,6.545,8.918,r5
r5_f5_tts,f5_tts,7,natural_raw,6.473,7.309,r5
r5_f5_tts,f5_tts,7,tts_raw,7.575,7.234,r5
r5_f5_tts,f5_tts,8,natural_raw,5.988,8.217,r5
r5_f5_tts,f5_tts,8,tts_raw,8.47,7.066,r5
r5_f5_tts,f5_tts,9,natural_raw,6.402,6.87,r5
r5_f5_tts,f5_tts,9,tts_raw,6.581,8.08,r5
r5_f5_tts,f5_tts,10,natural_raw,5.47,7.974,r5
r5_f5_tts,f5_tts,10,tts_raw,6.961,7.604,r5
r5_f5_tts,f5_tts,11,natural_raw,6.161,7.779,r5
r5_f5_tts,f5_tts,11,tts_raw,7.243,7.189,r5
r5_f5_tts,f5_tts,12,natural_raw,7.135,7.169,r5
r5_f5_tts,f5_tts,12,tts_raw,7.652,7.596,r5
r5_f5_tts,f5_tts,13,natural_raw,4.48,8.539,r5
r5_f5_tts,f5_tts,13,tts_raw,6.889,7.757,r5
r5_f5_tts_loudnorm,f5_tts_loudnorm,1,natural_raw,4.573,8.719,r5
r5_f5_tts_loudnorm,f5_tts_loudnorm,1,tts_raw,7.366,7.454,r5
r5_f5_tts_loudnorm,f5_tts_loudnorm,2,natural_raw,5.383,8.581,r5
r5_f5_tts_loudnorm,f5_tts_loudnorm,2,tts_raw,8.177,7.501,r5
r5_f5_tts_loudnorm,f5_tts_loudnorm,3,natural_raw,6.538,7.524,r5
r5_f5_tts_loudnorm,f5_tts_loudnorm,3,tts_raw,7.661,7.095,r5
r5_f5_tts_loudnorm,f5_tts_loudnorm,4,natural_raw,5.223,9.29,r5
r5_f5_tts_loudnorm,f5_tts_loudnorm,4,tts_raw,7.538,8.464,r5
r5_f5_tts_loudnorm,f5_tts_loudnorm,5,natural_raw,5.049,8.444,r5
r5_f5_tts_loudnorm,f5_tts_loudnorm,5,tts_raw,7.349,7.834,r5
r5_f5_tts_loudnorm,f5_tts_loudnorm,6,natural_raw,5.392,8.615,r5
r5_f5_tts_loudnorm,f5_tts_loudnorm,6,tts_raw,7.076,8.854,r5
r5_f5_tts_loudnorm,f5_tts_loudnorm,7,natural_raw,6.446,7.335,r5
r5_f5_tts_loudnorm,f5_tts_loudnorm,7,tts_raw,7.965,7.157,r5
r5_f5_tts_loudnorm,f5_tts_loudnorm,8,natural_raw,5.929,8.338,r5
r5_f5_tts_loudnorm,f5_tts_loudnorm,8,tts_raw,8.752,6.816,r5
r5_f5_tts_loudnorm,f5_tts_loudnorm,9,natural_raw,6.416,6.798,r5
r5_f5_tts_loudnorm,f5_tts_loudnorm,9,tts_raw,6.824,8.111,r5
r5_f5_tts_loudnorm,f5_tts_loudnorm,10,natural_raw,5.471,7.936,r5
r5_f5_tts_loudnorm,f5_tts_loudnorm,10,tts_raw,7.672,7.19,r5
r5_f5_tts_loudnorm,f5_tts_loudnorm,11,natural_raw,5.861,7.983,r5
r5_f5_tts_loudnorm,f5_tts_loudnorm,11,tts_raw,7.609,7.166,r5
r5_f5_tts_loudnorm,f5_tts_loudnorm,12,natural_raw,7.029,7.243,r5
r5_f5_tts_loudnorm,f5_tts_loudnorm,12,tts_raw,9.165,6.645,r5
r5_f5_tts_loudnorm,f5_tts_loudnorm,13,natural_raw,4.301,8.77,r5
r5_f5_tts_loudnorm,f5_tts_loudnorm,13,tts_raw,7.577,7.803,r5
r2_faster_qwen3_20260707T145233Z,faster_qwen3,1,natural_raw,4.8,8.369,r2
r2_faster_qwen3_20260707T145233Z,faster_qwen3,1,tts_raw,6.258,7.625,r2
r2_faster_qwen3_20260707T145233Z,faster_qwen3,2,natural_raw,5.547,8.66,r2
r2_faster_qwen3_20260707T145233Z,faster_qwen3,2,tts_raw,7.265,7.19,r2
r2_faster_qwen3_20260707T145233Z,faster_qwen3,3,natural_raw,6.24,7.666,r2
r2_faster_qwen3_20260707T145233Z,faster_qwen3,3,tts_raw,7.48,7.131,r2
r2_faster_qwen3_20260707T145233Z,faster_qwen3,4,natural_raw,5.217,9.335,r2
r2_faster_qwen3_20260707T145233Z,faster_qwen3,4,tts_raw,6.929,7.835,r2
r2_faster_qwen3_20260707T145233Z,faster_qwen3,5,natural_raw,4.982,8.51,r2
r2_faster_qwen3_20260707T145233Z,faster_qwen3,5,tts_raw,6.073,8.086,r2
r2_faster_qwen3_20260707T145233Z,faster_qwen3,6,natural_raw,5.473,8.435,r2
r2_faster_qwen3_20260707T145233Z,faster_qwen3,6,tts_raw,5.931,7.973,r2
r2_faster_qwen3_20260707T145233Z,faster_qwen3,7,natural_raw,6.595,7.32,r2
r2_faster_qwen3_20260707T145233Z,faster_qwen3,7,tts_raw,6.26,7.942,r2
r2_faster_qwen3_20260707T145233Z,faster_qwen3,8,natural_raw,6.022,8.239,r2
r2_faster_qwen3_20260707T145233Z,faster_qwen3,8,tts_raw,7.942,6.86,r2
r2_faster_qwen3_20260707T145233Z,faster_qwen3,9,natural_raw,6.204,6.967,r2
r2_faster_qwen3_20260707T145233Z,faster_qwen3,10,natural_raw,5.407,8.108,r2
r2_faster_qwen3_20260707T145233Z,faster_qwen3,10,tts_raw,7.227,6.942,r2
r2_faster_qwen3_20260707T145233Z,faster_qwen3,11,natural_raw,5.809,8.117,r2
r2_faster_qwen3_20260707T145233Z,faster_qwen3,11,tts_raw,6.283,7.901,r2
r2_faster_qwen3_20260707T145233Z,faster_qwen3,12,natural_raw,7.123,7.082,r2
r2_faster_qwen3_20260707T145233Z,faster_qwen3,12,tts_raw,7.82,6.865,r2
r2_faster_qwen3_20260707T145233Z,faster_qwen3,13,natural_raw,4.413,8.6,r2
r2_faster_qwen3_20260707T145233Z,faster_qwen3,13,tts_raw,4.759,8.079,r2
r2_fish_audio_20260707T150723Z,fish_audio,1,natural_raw,4.631,8.689,r2
r2_fish_audio_20260707T150723Z,fish_audio,1,tts_raw,7.3,7.674,r2
r2_fish_audio_20260707T150723Z,fish_audio,2,natural_raw,5.385,8.646,r2
r2_fish_audio_20260707T150723Z,fish_audio,2,tts_raw,6.983,8.512,r2
r2_fish_audio_20260707T150723Z,fish_audio,3,natural_raw,6.43,7.474,r2
r2_fish_audio_20260707T150723Z,fish_audio,3,tts_raw,8.7,6.838,r2
r2_fish_audio_20260707T150723Z,fish_audio,4,natural_raw,5.395,9.222,r2
r2_fish_audio_20260707T150723Z,fish_audio,4,tts_raw,7.211,8.0,r2
r2_fish_audio_20260707T150723Z,fish_audio,5,natural_raw,5.259,8.213,r2
r2_fish_audio_20260707T150723Z,fish_audio,5,tts_raw,8.001,7.533,r2
r2_fish_audio_20260707T150723Z,fish_audio,6,natural_raw,5.203,8.638,r2
r2_fish_audio_20260707T150723Z,fish_audio,6,tts_raw,6.828,8.58,r2
r2_fish_audio_20260707T150723Z,fish_audio,7,natural_raw,6.514,7.331,r2
r2_fish_audio_20260707T150723Z,fish_audio,7,tts_raw,7.226,7.909,r2
r2_fish_audio_20260707T150723Z,fish_audio,8,natural_raw,5.916,8.333,r2
r2_fish_audio_20260707T150723Z,fish_audio,8,tts_raw,7.285,7.477,r2
r2_fish_audio_20260707T150723Z,fish_audio,9,natural_raw,6.66,6.606,r2
r2_fish_audio_20260707T150723Z,fish_audio,10,natural_raw,5.553,8.001,r2
r2_fish_audio_20260707T150723Z,fish_audio,10,tts_raw,7.691,6.818,r2
r2_fish_audio_20260707T150723Z,fish_audio,11,natural_raw,6.065,7.753,r2
r2_fish_audio_20260707T150723Z,fish_audio,11,tts_raw,7.268,7.734,r2
r2_fish_audio_20260707T150723Z,fish_audio,12,natural_raw,7.226,7.1,r2
r2_fish_audio_20260707T150723Z,fish_audio,12,tts_raw,9.195,6.585,r2
r2_fish_audio_20260707T150723Z,fish_audio,13,natural_raw,4.336,8.645,r2
r2_fish_audio_20260707T150723Z,fish_audio,13,tts_raw,7.158,8.121,r2
r4_bothnorm_fish,fish_bothnorm,1,tts_raw,4.625,9.307,r4
r4_bothnorm_fish,fish_bothnorm,2,tts_raw,5.641,8.603,r4
r4_bothnorm_fish,fish_bothnorm,3,tts_raw,6.249,8.45,r4
r4_bothnorm_fish,fish_bothnorm,4,tts_raw,5.668,8.636,r4
r4_bothnorm_fish,fish_bothnorm,5,tts_raw,6.172,8.466,r4
r4_bothnorm_fish,fish_bothnorm,6,tts_raw,5.388,9.461,r4
r4_bothnorm_fish,fish_bothnorm,7,tts_raw,6.163,7.898,r4
r4_bothnorm_fish,fish_bothnorm,8,tts_raw,5.761,8.527,r4
r4_bothnorm_fish,fish_bothnorm,10,tts_raw,5.695,8.219,r4
r4_bothnorm_fish,fish_bothnorm,11,tts_raw,5.448,8.708,r4
r4_bothnorm_fish,fish_bothnorm,12,tts_raw,7.67,7.24,r4
r4_bothnorm_fish,fish_bothnorm,13,tts_raw,5.353,8.617,r4
r4_durnorm_fish,fish_durnorm,1,tts_raw,5.471,8.865,r4
r4_durnorm_fish,fish_durnorm,2,tts_raw,5.682,8.902,r4
r4_durnorm_fish,fish_durnorm,3,tts_raw,6.377,8.438,r4
r4_durnorm_fish,fish_durnorm,4,tts_raw,6.176,8.38,r4
r4_durnorm_fish,fish_durnorm,5,tts_raw,6.562,8.077,r4
r4_durnorm_fish,fish_durnorm,6,tts_raw,6.166,8.766,r4
r4_durnorm_fish,fish_durnorm,7,tts_raw,6.64,7.898,r4
r4_durnorm_fish,fish_durnorm,8,tts_raw,5.831,8.506,r4
r4_durnorm_fish,fish_durnorm,10,tts_raw,6.164,7.946,r4
r4_durnorm_fish,fish_durnorm,11,tts_raw,5.851,8.465,r4
r4_durnorm_fish,fish_durnorm,12,tts_raw,7.541,7.586,r4
r4_durnorm_fish,fish_durnorm,13,tts_raw,5.784,8.581,r4
r4_loudnorm_fish,fish_loudnorm,1,tts_raw,4.562,9.378,r4
r4_loudnorm_fish,fish_loudnorm,2,tts_raw,5.633,8.717,r4
r4_loudnorm_fish,fish_loudnorm,3,tts_raw,6.277,8.469,r4
r4_loudnorm_fish,fish_loudnorm,4,tts_raw,5.719,8.717,r4
r4_loudnorm_fish,fish_loudnorm,5,tts_raw,6.23,8.36,r4
r4_loudnorm_fish,fish_loudnorm,6,tts_raw,5.535,9.196,r4
r4_loudnorm_fish,fish_loudnorm,7,tts_raw,6.069,8.072,r4
r4_loudnorm_fish,fish_loudnorm,8,tts_raw,5.813,8.511,r4
r4_loudnorm_fish,fish_loudnorm,10,tts_raw,5.684,8.207,r4
r4_loudnorm_fish,fish_loudnorm,11,tts_raw,5.225,8.876,r4
r4_loudnorm_fish,fish_loudnorm,12,tts_raw,7.636,7.312,r4
r4_loudnorm_fish,fish_loudnorm,13,tts_raw,5.363,8.643,r4
r4_bothnorm_gsv,gsv_bothnorm,1,tts_raw,6.148,7.913,r4
r4_bothnorm_gsv,gsv_bothnorm,2,tts_raw,7.148,8.446,r4
r4_bothnorm_gsv,gsv_bothnorm,3,tts_raw,7.615,7.269,r4
r4_bothnorm_gsv,gsv_bothnorm,4,tts_raw,5.97,8.735,r4
r4_bothnorm_gsv,gsv_bothnorm,5,tts_raw,6.864,8.101,r4
r4_bothnorm_gsv,gsv_bothnorm,6,tts_raw,5.486,9.613,r4
r4_bothnorm_gsv,gsv_bothnorm,7,tts_raw,7.855,7.536,r4
r4_bothnorm_gsv,gsv_bothnorm,8,tts_raw,6.829,7.64,r4
r4_bothnorm_gsv,gsv_bothnorm,9,tts_raw,5.04,8.439,r4
r4_bothnorm_gsv,gsv_bothnorm,10,tts_raw,6.292,7.564,r4
r4_bothnorm_gsv,gsv_bothnorm,11,tts_raw,6.368,7.536,r4
r4_bothnorm_gsv,gsv_bothnorm,12,tts_raw,7.835,6.41,r4
r4_bothnorm_gsv,gsv_bothnorm,13,tts_raw,6.101,8.096,r4
r4_durnorm_gsv,gsv_durnorm,1,tts_raw,5.015,8.408,r4
r4_durnorm_gsv,gsv_durnorm,2,tts_raw,6.001,8.961,r4
r4_durnorm_gsv,gsv_durnorm,3,tts_raw,6.286,7.959,r4
r4_durnorm_gsv,gsv_durnorm,4,tts_raw,5.588,8.291,r4
r4_durnorm_gsv,gsv_durnorm,5,tts_raw,5.638,8.562,r4
r4_durnorm_gsv,gsv_durnorm,6,tts_raw,4.744,9.637,r4
r4_durnorm_gsv,gsv_durnorm,7,tts_raw,7.404,7.174,r4
r4_durnorm_gsv,gsv_durnorm,8,tts_raw,5.741,7.982,r4
r4_durnorm_gsv,gsv_durnorm,9,tts_raw,4.111,8.642,r4
r4_durnorm_gsv,gsv_durnorm,10,tts_raw,6.579,6.685,r4
r4_durnorm_gsv,gsv_durnorm,11,tts_raw,5.318,7.799,r4
r4_durnorm_gsv,gsv_durnorm,12,tts_raw,7.288,6.67,r4
r4_durnorm_gsv,gsv_durnorm,13,tts_raw,5.441,7.821,r4
r4_loudnorm_gsv,gsv_loudnorm,1,tts_raw,5.924,8.168,r4
r4_loudnorm_gsv,gsv_loudnorm,2,tts_raw,7.411,8.199,r4
r4_loudnorm_gsv,gsv_loudnorm,3,tts_raw,7.758,7.167,r4
r4_loudnorm_gsv,gsv_loudnorm,4,tts_raw,5.954,8.643,r4
r4_loudnorm_gsv,gsv_loudnorm,5,tts_raw,7.079,7.927,r4
r4_loudnorm_gsv,gsv_loudnorm,6,tts_raw,5.476,9.741,r4
r4_loudnorm_gsv,gsv_loudnorm,7,tts_raw,7.828,7.519,r4
r4_loudnorm_gsv,gsv_loudnorm,8,tts_raw,6.748,7.876,r4
r4_loudnorm_gsv,gsv_loudnorm,9,tts_raw,5.196,8.309,r4
r4_loudnorm_gsv,gsv_loudnorm,10,tts_raw,6.257,7.68,r4
r4_loudnorm_gsv,gsv_loudnorm,11,tts_raw,6.159,7.672,r4
r4_loudnorm_gsv,gsv_loudnorm,12,tts_raw,7.878,6.362,r4
r4_loudnorm_gsv,gsv_loudnorm,13,tts_raw,6.017,8.19,r4
r3_gsv_tts,gsv_tts,1,natural_raw,4.839,8.562,r3
r3_gsv_tts,gsv_tts,1,tts_raw,5.709,8.298,r3
r3_gsv_tts,gsv_tts,2,natural_raw,5.273,8.814,r3
r3_gsv_tts,gsv_tts,2,tts_raw,7.366,7.918,r3
r3_gsv_tts,gsv_tts,3,natural_raw,6.457,7.569,r3
r3_gsv_tts,gsv_tts,3,tts_raw,7.228,7.228,r3
r3_gsv_tts,gsv_tts,4,natural_raw,5.53,9.027,r3
r3_gsv_tts,gsv_tts,4,tts_raw,5.546,8.585,r3
r3_gsv_tts,gsv_tts,5,natural_raw,5.242,8.321,r3
r3_gsv_tts,gsv_tts,5,tts_raw,6.579,8.289,r3
r3_gsv_tts,gsv_tts,6,natural_raw,5.565,8.289,r3
r3_gsv_tts,gsv_tts,6,tts_raw,4.816,9.838,r3
r3_gsv_tts,gsv_tts,7,natural_raw,6.473,7.347,r3
r3_gsv_tts,gsv_tts,7,tts_raw,8.102,7.016,r3
r3_gsv_tts,gsv_tts,8,natural_raw,6.04,8.332,r3
r3_gsv_tts,gsv_tts,8,tts_raw,6.724,7.085,r3
r3_gsv_tts,gsv_tts,9,natural_raw,6.308,6.922,r3
r3_gsv_tts,gsv_tts,9,tts_raw,4.509,8.884,r3
r3_gsv_tts,gsv_tts,10,natural_raw,5.621,7.895,r3
r3_gsv_tts,gsv_tts,10,tts_raw,7.027,6.947,r3
r3_gsv_tts,gsv_tts,11,natural_raw,6.056,7.794,r3
r3_gsv_tts,gsv_tts,11,tts_raw,5.776,7.616,r3
r3_gsv_tts,gsv_tts,12,natural_raw,7.08,7.168,r3
r3_gsv_tts,gsv_tts,12,tts_raw,7.382,7.041,r3
r3_gsv_tts,gsv_tts,13,natural_raw,4.341,8.86,r3
r3_gsv_tts,gsv_tts,13,tts_raw,5.939,8.205,r3
r5_higgs_loudnorm,higgs_loudnorm,1,natural_raw,4.832,8.559,r5
r5_higgs_loudnorm,higgs_loudnorm,1,tts_raw,7.023,7.794,r5
r5_higgs_loudnorm,higgs_loudnorm,2,natural_raw,5.45,8.521,r5
r5_higgs_loudnorm,higgs_loudnorm,2,tts_raw,7.691,8.067,r5
r5_higgs_loudnorm,higgs_loudnorm,3,natural_raw,6.514,7.614,r5
r5_higgs_loudnorm,higgs_loudnorm,3,tts_raw,8.492,6.794,r5
r5_higgs_loudnorm,higgs_loudnorm,4,natural_raw,5.202,9.402,r5
r5_higgs_loudnorm,higgs_loudnorm,4,tts_raw,6.858,8.514,r5
r5_higgs_loudnorm,higgs_loudnorm,5,natural_raw,5.07,8.36,r5
r5_higgs_loudnorm,higgs_loudnorm,5,tts_raw,7.83,7.698,r5
r5_higgs_loudnorm,higgs_loudnorm,6,natural_raw,5.488,8.444,r5
r5_higgs_loudnorm,higgs_loudnorm,6,tts_raw,5.77,9.443,r5
r5_higgs_loudnorm,higgs_loudnorm,7,natural_raw,6.575,7.21,r5
r5_higgs_loudnorm,higgs_loudnorm,7,tts_raw,7.006,8.028,r5
r5_higgs_loudnorm,higgs_loudnorm,8,natural_raw,5.862,8.309,r5
r5_higgs_loudnorm,higgs_loudnorm,8,tts_raw,8.264,6.431,r5
r5_higgs_loudnorm,higgs_loudnorm,9,natural_raw,6.411,6.785,r5
r5_higgs_loudnorm,higgs_loudnorm,9,tts_raw,6.238,8.624,r5
r5_higgs_loudnorm,higgs_loudnorm,10,natural_raw,5.456,8.004,r5
r5_higgs_loudnorm,higgs_loudnorm,10,tts_raw,7.307,6.929,r5
r5_higgs_loudnorm,higgs_loudnorm,11,natural_raw,5.913,7.996,r5
r5_higgs_loudnorm,higgs_loudnorm,11,tts_raw,7.7,7.377,r5
r5_higgs_loudnorm,higgs_loudnorm,12,natural_raw,7.142,7.114,r5
r5_higgs_loudnorm,higgs_loudnorm,12,tts_raw,8.245,7.13,r5
r5_higgs_loudnorm,higgs_loudnorm,13,natural_raw,4.261,8.867,r5
r5_higgs_loudnorm,higgs_loudnorm,13,tts_raw,6.651,8.1,r5
r5_higgs_tts,higgs_tts,1,natural_raw,4.639,8.625,r5
r5_higgs_tts,higgs_tts,1,tts_raw,6.587,7.65,r5
r5_higgs_tts,higgs_tts,2,natural_raw,5.449,8.616,r5
r5_higgs_tts,higgs_tts,2,tts_raw,7.86,6.902,r5
r5_higgs_tts,higgs_tts,3,natural_raw,6.143,7.694,r5
r5_higgs_tts,higgs_tts,3,tts_raw,7.202,7.404,r5
r5_higgs_tts,higgs_tts,4,natural_raw,5.427,9.157,r5
r5_higgs_tts,higgs_tts,4,tts_raw,6.123,8.86,r5
r5_higgs_tts,higgs_tts,5,natural_raw,5.24,8.262,r5
r5_higgs_tts,higgs_tts,5,tts_raw,6.916,8.029,r5
r5_higgs_tts,higgs_tts,6,natural_raw,5.368,8.594,r5
r5_higgs_tts,higgs_tts,6,tts_raw,4.219,10.476,r5
r5_higgs_tts,higgs_tts,7,natural_raw,6.541,7.255,r5
r5_higgs_tts,higgs_tts,7,tts_raw,6.063,8.269,r5
r5_higgs_tts,higgs_tts,8,natural_raw,5.886,8.459,r5
r5_higgs_tts,higgs_tts,8,tts_raw,7.227,7.039,r5
r5_higgs_tts,higgs_tts,9,natural_raw,6.282,6.859,r5
r5_higgs_tts,higgs_tts,9,tts_raw,5.609,8.551,r5
r5_higgs_tts,higgs_tts,10,natural_raw,5.617,7.925,r5
r5_higgs_tts,higgs_tts,10,tts_raw,6.068,7.535,r5
r5_higgs_tts,higgs_tts,11,natural_raw,5.97,7.814,r5
r5_higgs_tts,higgs_tts,11,tts_raw,6.661,7.94,r5
r5_higgs_tts,higgs_tts,12,natural_raw,7.277,7.069,r5
r5_higgs_tts,higgs_tts,12,tts_raw,7.79,7.242,r5
r5_higgs_tts,higgs_tts,13,natural_raw,4.451,8.759,r5
r5_higgs_tts,higgs_tts,13,tts_raw,5.444,8.672,r5
r3_indextts2_baseline,indextts2_baseline,1,natural_raw,4.767,8.566,r3
r3_indextts2_baseline,indextts2_baseline,1,tts_raw,5.978,7.708,r3
r3_indextts2_baseline,indextts2_baseline,2,natural_raw,5.249,8.86,r3
r3_indextts2_baseline,indextts2_baseline,2,tts_raw,7.902,6.602,r3
r3_indextts2_baseline,indextts2_baseline,3,natural_raw,6.217,7.745,r3
r3_indextts2_baseline,indextts2_baseline,3,tts_raw,6.958,7.081,r3
r3_indextts2_baseline,indextts2_baseline,4,natural_raw,5.307,9.263,r3
r3_indextts2_baseline,indextts2_baseline,4,tts_raw,6.272,9.07,r3
r3_indextts2_baseline,indextts2_baseline,5,natural_raw,5.321,8.08,r3
r3_indextts2_baseline,indextts2_baseline,5,tts_raw,7.209,7.467,r3
r3_indextts2_baseline,indextts2_baseline,6,natural_raw,5.377,8.516,r3
r3_indextts2_baseline,indextts2_baseline,6,tts_raw,6.635,8.146,r3
r3_indextts2_baseline,indextts2_baseline,7,natural_raw,6.468,7.325,r3
r3_indextts2_baseline,indextts2_baseline,7,tts_raw,6.907,7.847,r3
r3_indextts2_baseline,indextts2_baseline,8,natural_raw,5.862,8.257,r3
r3_indextts2_baseline,indextts2_baseline,8,tts_raw,6.625,7.687,r3
r3_indextts2_baseline,indextts2_baseline,9,natural_raw,6.371,6.855,r3
r3_indextts2_baseline,indextts2_baseline,9,tts_raw,5.704,8.178,r3
r3_indextts2_baseline,indextts2_baseline,10,natural_raw,5.429,8.093,r3
r3_indextts2_baseline,indextts2_baseline,10,tts_raw,6.229,7.475,r3
r3_indextts2_baseline,indextts2_baseline,11,natural_raw,5.916,7.986,r3
r3_indextts2_baseline,indextts2_baseline,11,tts_raw,6.952,7.687,r3
r3_indextts2_baseline,indextts2_baseline,12,natural_raw,7.186,7.052,r3
r3_indextts2_baseline,indextts2_baseline,12,tts_raw,6.495,8.391,r3
r3_indextts2_baseline,indextts2_baseline,13,natural_raw,4.488,8.528,r3
r3_indextts2_baseline,indextts2_baseline,13,tts_raw,7.614,7.009,r3
r4_bothnorm_indextts2,indextts2_bothnorm,1,tts_raw,5.345,8.665,r4
r4_bothnorm_indextts2,indextts2_bothnorm,2,tts_raw,6.343,8.289,r4
r4_bothnorm_indextts2,indextts2_bothnorm,3,tts_raw,6.881,7.6,r4
r4_bothnorm_indextts2,indextts2_bothnorm,4,tts_raw,6.85,8.256,r4
r4_bothnorm_indextts2,indextts2_bothnorm,5,tts_raw,6.091,8.136,r4
r4_bothnorm_indextts2,indextts2_bothnorm,6,tts_raw,6.617,8.199,r4
r4_bothnorm_indextts2,indextts2_bothnorm,7,tts_raw,6.835,7.967,r4
r4_bothnorm_indextts2,indextts2_bothnorm,8,tts_raw,6.3,8.277,r4
r4_bothnorm_indextts2,indextts2_bothnorm,9,tts_raw,6.361,7.569,r4
r4_bothnorm_indextts2,indextts2_bothnorm,10,tts_raw,6.446,7.634,r4
r4_bothnorm_indextts2,indextts2_bothnorm,11,tts_raw,6.432,7.915,r4
r4_bothnorm_indextts2,indextts2_bothnorm,12,tts_raw,6.447,8.521,r4
r4_bothnorm_indextts2,indextts2_bothnorm,13,tts_raw,7.556,7.101,r4
r4_durnorm_indextts2,indextts2_durnorm,1,tts_raw,4.568,8.623,r4
r4_durnorm_indextts2,indextts2_durnorm,2,tts_raw,5.893,7.952,r4
r4_durnorm_indextts2,indextts2_durnorm,3,tts_raw,6.178,7.56,r4
r4_durnorm_indextts2,indextts2_durnorm,4,tts_raw,5.685,8.988,r4
r4_durnorm_indextts2,indextts2_durnorm,5,tts_raw,6.072,7.488,r4
r4_durnorm_indextts2,indextts2_durnorm,6,tts_raw,6.321,7.923,r4
r4_durnorm_indextts2,indextts2_durnorm,7,tts_raw,6.173,7.844,r4
r4_durnorm_indextts2,indextts2_durnorm,8,tts_raw,5.56,8.331,r4
r4_durnorm_indextts2,indextts2_durnorm,9,tts_raw,5.637,7.554,r4
r4_durnorm_indextts2,indextts2_durnorm,10,tts_raw,5.522,7.948,r4
r4_durnorm_indextts2,indextts2_durnorm,11,tts_raw,5.819,8.223,r4
r4_durnorm_indextts2,indextts2_durnorm,12,tts_raw,5.799,8.517,r4
r4_durnorm_indextts2,indextts2_durnorm,13,tts_raw,6.841,7.345,r4
r3_indextts2_emo_afraid,indextts2_emo_afraid,1,natural_raw,4.623,8.683,r3
r3_indextts2_emo_afraid,indextts2_emo_afraid,1,tts_raw,4.611,7.669,r3
r3_indextts2_emo_afraid,indextts2_emo_afraid,4,natural_raw,5.462,9.155,r3
r3_indextts2_emo_afraid,indextts2_emo_afraid,4,tts_raw,5.214,9.67,r3
r3_indextts2_emo_afraid,indextts2_emo_afraid,7,natural_raw,6.611,7.239,r3
r3_indextts2_emo_afraid,indextts2_emo_afraid,7,tts_raw,5.45,7.219,r3
r3_indextts2_emo_afraid,indextts2_emo_afraid,10,natural_raw,5.766,7.93,r3
r3_indextts2_emo_afraid,indextts2_emo_afraid,10,tts_raw,5.487,7.532,r3
r3_indextts2_emo_afraid,indextts2_emo_afraid,13,natural_raw,4.478,8.668,r3
r3_indextts2_emo_afraid,indextts2_emo_afraid,13,tts_raw,6.37,6.796,r3
r3_indextts2_emo_angry,indextts2_emo_angry,1,natural_raw,4.811,8.526,r3
r3_indextts2_emo_angry,indextts2_emo_angry,1,tts_raw,6.985,7.547,r3
r3_indextts2_emo_angry,indextts2_emo_angry,4,natural_raw,5.198,9.288,r3
r3_indextts2_emo_angry,indextts2_emo_angry,4,tts_raw,7.875,7.746,r3
r3_indextts2_emo_angry,indextts2_emo_angry,7,natural_raw,6.318,7.343,r3
r3_indextts2_emo_angry,indextts2_emo_angry,7,tts_raw,9.048,6.339,r3
r3_indextts2_emo_angry,indextts2_emo_angry,10,natural_raw,5.436,8.119,r3
r3_indextts2_emo_angry,indextts2_emo_angry,10,tts_raw,7.546,6.593,r3
r3_indextts2_emo_angry,indextts2_emo_angry,13,natural_raw,4.554,8.512,r3
r3_indextts2_emo_angry,indextts2_emo_angry,13,tts_raw,9.089,5.824,r3
r3_indextts2_emo_calm,indextts2_emo_calm,1,natural_raw,4.527,8.642,r3
r3_indextts2_emo_calm,indextts2_emo_calm,1,tts_raw,6.388,7.74,r3
r3_indextts2_emo_calm,indextts2_emo_calm,4,natural_raw,5.57,9.043,r3
r3_indextts2_emo_calm,indextts2_emo_calm,4,tts_raw,7.072,8.164,r3
r3_indextts2_emo_calm,indextts2_emo_calm,7,natural_raw,6.56,7.262,r3
r3_indextts2_emo_calm,indextts2_emo_calm,7,tts_raw,8.44,6.542,r3
r3_indextts2_emo_calm,indextts2_emo_calm,10,natural_raw,5.532,7.923,r3
r3_indextts2_emo_calm,indextts2_emo_calm,10,tts_raw,6.625,7.124,r3
r3_indextts2_emo_calm,indextts2_emo_calm,13,natural_raw,4.358,8.704,r3
r3_indextts2_emo_calm,indextts2_emo_calm,13,tts_raw,9.385,6.238,r3
r3_indextts2_emo_disgusted,indextts2_emo_disgusted,1,natural_raw,4.571,8.552,r3
r3_indextts2_emo_disgusted,indextts2_emo_disgusted,1,tts_raw,5.943,7.836,r3
r3_indextts2_emo_disgusted,indextts2_emo_disgusted,4,natural_raw,5.194,9.367,r3
r3_indextts2_emo_disgusted,indextts2_emo_disgusted,4,tts_raw,7.234,8.167,r3
r3_indextts2_emo_disgusted,indextts2_emo_disgusted,7,natural_raw,6.608,7.217,r3
r3_indextts2_emo_disgusted,indextts2_emo_disgusted,7,tts_raw,6.222,7.65,r3
r3_indextts2_emo_disgusted,indextts2_emo_disgusted,10,natural_raw,5.484,8.037,r3
r3_indextts2_emo_disgusted,indextts2_emo_disgusted,10,tts_raw,6.524,7.679,r3
r3_indextts2_emo_disgusted,indextts2_emo_disgusted,13,natural_raw,4.332,8.728,r3
r3_indextts2_emo_disgusted,indextts2_emo_disgusted,13,tts_raw,8.481,6.687,r3
r3_indextts2_emo_happy,indextts2_emo_happy,1,natural_raw,4.687,8.543,r3
r3_indextts2_emo_happy,indextts2_emo_happy,1,tts_raw,5.496,8.411,r3
r3_indextts2_emo_happy,indextts2_emo_happy,4,natural_raw,5.311,9.333,r3
r3_indextts2_emo_happy,indextts2_emo_happy,4,tts_raw,6.423,8.646,r3
r3_indextts2_emo_happy,indextts2_emo_happy,7,natural_raw,6.447,7.314,r3
r3_indextts2_emo_happy,indextts2_emo_happy,7,tts_raw,6.793,7.572,r3
r3_indextts2_emo_happy,indextts2_emo_happy,10,natural_raw,5.746,7.931,r3
r3_indextts2_emo_happy,indextts2_emo_happy,10,tts_raw,6.631,7.758,r3
r3_indextts2_emo_happy,indextts2_emo_happy,13,natural_raw,4.489,8.537,r3
r3_indextts2_emo_happy,indextts2_emo_happy,13,tts_raw,7.783,6.796,r3
r3_indextts2_emo_melancholic,indextts2_emo_melancholic,1,natural_raw,4.478,8.715,r3
r3_indextts2_emo_melancholic,indextts2_emo_melancholic,1,tts_raw,5.517,7.586,r3
r3_indextts2_emo_melancholic,indextts2_emo_melancholic,4,natural_raw,5.308,9.242,r3
r3_indextts2_emo_melancholic,indextts2_emo_melancholic,4,tts_raw,4.89,9.122,r3
r3_indextts2_emo_melancholic,indextts2_emo_melancholic,7,natural_raw,6.359,7.414,r3
r3_indextts2_emo_melancholic,indextts2_emo_melancholic,7,tts_raw,5.033,7.7,r3
r3_indextts2_emo_melancholic,indextts2_emo_melancholic,10,natural_raw,5.59,7.936,r3
r3_indextts2_emo_melancholic,indextts2_emo_melancholic,10,tts_raw,5.143,7.355,r3
r3_indextts2_emo_melancholic,indextts2_emo_melancholic,13,natural_raw,4.468,8.721,r3
r3_indextts2_emo_melancholic,indextts2_emo_melancholic,13,tts_raw,5.585,7.308,r3
r3_indextts2_emo_sad,indextts2_emo_sad,1,natural_raw,4.763,8.506,r3
r3_indextts2_emo_sad,indextts2_emo_sad,1,tts_raw,5.004,7.819,r3
r3_indextts2_emo_sad,indextts2_emo_sad,4,natural_raw,5.279,9.331,r3
r3_indextts2_emo_sad,indextts2_emo_sad,4,tts_raw,5.122,8.806,r3
r3_indextts2_emo_sad,indextts2_emo_sad,7,natural_raw,6.547,7.246,r3
r3_indextts2_emo_sad,indextts2_emo_sad,7,tts_raw,4.828,7.826,r3
r3_indextts2_emo_sad,indextts2_emo_sad,10,natural_raw,5.366,8.033,r3
r3_indextts2_emo_sad,indextts2_emo_sad,10,tts_raw,5.7,8.057,r3
r3_indextts2_emo_sad,indextts2_emo_sad,13,natural_raw,4.432,8.691,r3
r3_indextts2_emo_sad,indextts2_emo_sad,13,tts_raw,6.461,6.557,r3
r3_indextts2_emo_surprised,indextts2_emo_surprised,1,natural_raw,4.714,8.543,r3
r3_indextts2_emo_surprised,indextts2_emo_surprised,1,tts_raw,5.653,8.612,r3
r3_indextts2_emo_surprised,indextts2_emo_surprised,4,natural_raw,5.551,9.02,r3
r3_indextts2_emo_surprised,indextts2_emo_surprised,4,tts_raw,7.566,7.764,r3
r3_indextts2_emo_surprised,indextts2_emo_surprised,7,natural_raw,6.474,7.301,r3
r3_indextts2_emo_surprised,indextts2_emo_surprised,7,tts_raw,7.327,7.025,r3
r3_indextts2_emo_surprised,indextts2_emo_surprised,10,natural_raw,5.812,7.774,r3
r3_indextts2_emo_surprised,indextts2_emo_surprised,10,tts_raw,6.201,7.976,r3
r3_indextts2_emo_surprised,indextts2_emo_surprised,13,natural_raw,4.415,8.687,r3
r3_indextts2_emo_surprised,indextts2_emo_surprised,13,tts_raw,8.618,6.456,r3
r3_indextts2_int_calm_a0.3,indextts2_int_calm_a0.3,1,natural_raw,4.574,8.621,r3
r3_indextts2_int_calm_a0.3,indextts2_int_calm_a0.3,1,tts_raw,6.111,8.0,r3
r3_indextts2_int_calm_a0.3,indextts2_int_calm_a0.3,7,natural_raw,6.509,7.293,r3
r3_indextts2_int_calm_a0.3,indextts2_int_calm_a0.3,7,tts_raw,7.273,7.52,r3
r3_indextts2_int_calm_a0.3,indextts2_int_calm_a0.3,13,natural_raw,4.258,8.811,r3
r3_indextts2_int_calm_a0.3,indextts2_int_calm_a0.3,13,tts_raw,8.255,6.424,r3
r3_indextts2_int_calm_a0.6,indextts2_int_calm_a0.6,1,natural_raw,4.643,8.604,r3
r3_indextts2_int_calm_a0.6,indextts2_int_calm_a0.6,1,tts_raw,5.866,8.025,r3
r3_indextts2_int_calm_a0.6,indextts2_int_calm_a0.6,7,natural_raw,6.487,7.29,r3
r3_indextts2_int_calm_a0.6,indextts2_int_calm_a0.6,7,tts_raw,7.404,7.429,r3
r3_indextts2_int_calm_a0.6,indextts2_int_calm_a0.6,13,natural_raw,4.269,8.812,r3
r3_indextts2_int_calm_a0.6,indextts2_int_calm_a0.6,13,tts_raw,8.586,6.624,r3
r3_indextts2_int_calm_a1.0,indextts2_int_calm_a1.0,1,natural_raw,4.755,8.594,r3
r3_indextts2_int_calm_a1.0,indextts2_int_calm_a1.0,1,tts_raw,6.797,7.242,r3
r3_indextts2_int_calm_a1.0,indextts2_int_calm_a1.0,7,natural_raw,6.515,7.277,r3
r3_indextts2_int_calm_a1.0,indextts2_int_calm_a1.0,7,tts_raw,8.063,6.962,r3
r3_indextts2_int_calm_a1.0,indextts2_int_calm_a1.0,13,natural_raw,4.35,8.762,r3
r3_indextts2_int_calm_a1.0,indextts2_int_calm_a1.0,13,tts_raw,8.777,6.132,r3
r3_indextts2_int_happy_a0.3,indextts2_int_happy_a0.3,1,natural_raw,4.663,8.596,r3
r3_indextts2_int_happy_a0.3,indextts2_int_happy_a0.3,1,tts_raw,6.468,7.453,r3
r3_indextts2_int_happy_a0.3,indextts2_int_happy_a0.3,7,natural_raw,6.586,7.265,r3
r3_indextts2_int_happy_a0.3,indextts2_int_happy_a0.3,7,tts_raw,7.258,7.376,r3
r3_indextts2_int_happy_a0.3,indextts2_int_happy_a0.3,13,natural_raw,4.433,8.735,r3
r3_indextts2_int_happy_a0.3,indextts2_int_happy_a0.3,13,tts_raw,7.835,6.979,r3
r3_indextts2_int_happy_a0.6,indextts2_int_happy_a0.6,1,natural_raw,4.597,8.782,r3
r3_indextts2_int_happy_a0.6,indextts2_int_happy_a0.6,1,tts_raw,6.467,7.652,r3
r3_indextts2_int_happy_a0.6,indextts2_int_happy_a0.6,7,natural_raw,6.618,7.243,r3
r3_indextts2_int_happy_a0.6,indextts2_int_happy_a0.6,7,tts_raw,7.991,6.764,r3
r3_indextts2_int_happy_a0.6,indextts2_int_happy_a0.6,13,natural_raw,4.254,8.863,r3
r3_indextts2_int_happy_a0.6,indextts2_int_happy_a0.6,13,tts_raw,8.469,6.397,r3
r3_indextts2_int_happy_a1.0,indextts2_int_happy_a1.0,1,natural_raw,4.692,8.553,r3
r3_indextts2_int_happy_a1.0,indextts2_int_happy_a1.0,1,tts_raw,6.062,7.995,r3
r3_indextts2_int_happy_a1.0,indextts2_int_happy_a1.0,7,natural_raw,6.462,7.374,r3
r3_indextts2_int_happy_a1.0,indextts2_int_happy_a1.0,7,tts_raw,6.69,7.385,r3
r3_indextts2_int_happy_a1.0,indextts2_int_happy_a1.0,13,natural_raw,4.396,8.761,r3
r3_indextts2_int_happy_a1.0,indextts2_int_happy_a1.0,13,tts_raw,7.776,7.023,r3
r4_loudnorm_indextts2,indextts2_loudnorm,1,tts_raw,5.531,8.417,r4
r4_loudnorm_indextts2,indextts2_loudnorm,2,tts_raw,6.327,8.13,r4
r4_loudnorm_indextts2,indextts2_loudnorm,3,tts_raw,7.039,7.585,r4
r4_loudnorm_indextts2,indextts2_loudnorm,4,tts_raw,6.623,8.464,r4
r4_loudnorm_indextts2,indextts2_loudnorm,5,tts_raw,6.205,8.083,r4
r4_loudnorm_indextts2,indextts2_loudnorm,6,tts_raw,6.631,8.288,r4
r4_loudnorm_indextts2,indextts2_loudnorm,7,tts_raw,7.008,7.705,r4
r4_loudnorm_indextts2,indextts2_loudnorm,8,tts_raw,6.216,8.143,r4
r4_loudnorm_indextts2,indextts2_loudnorm,9,tts_raw,6.427,7.515,r4
r4_loudnorm_indextts2,indextts2_loudnorm,10,tts_raw,6.449,7.52,r4
r4_loudnorm_indextts2,indextts2_loudnorm,11,tts_raw,6.596,7.909,r4
r4_loudnorm_indextts2,indextts2_loudnorm,12,tts_raw,6.292,8.611,r4
r4_loudnorm_indextts2,indextts2_loudnorm,13,tts_raw,7.565,7.045,r4
r5_qwen_loudnorm,qwen3_loudnorm,1,natural_raw,4.536,8.701,r5
r5_qwen_loudnorm,qwen3_loudnorm,1,tts_raw,7.456,7.316,r5
r5_qwen_loudnorm,qwen3_loudnorm,2,natural_raw,5.372,8.703,r5
r5_qwen_loudnorm,qwen3_loudnorm,2,tts_raw,7.902,7.689,r5
r5_qwen_loudnorm,qwen3_loudnorm,3,natural_raw,6.185,7.789,r5
r5_qwen_loudnorm,qwen3_loudnorm,3,tts_raw,8.502,6.545,r5
r5_qwen_loudnorm,qwen3_loudnorm,4,natural_raw,5.221,9.361,r5
r5_qwen_loudnorm,qwen3_loudnorm,4,tts_raw,7.178,8.429,r5
r5_qwen_loudnorm,qwen3_loudnorm,5,natural_raw,5.233,8.217,r5
r5_qwen_loudnorm,qwen3_loudnorm,5,tts_raw,8.036,7.721,r5
r5_qwen_loudnorm,qwen3_loudnorm,6,natural_raw,5.443,8.407,r5
r5_qwen_loudnorm,qwen3_loudnorm,6,tts_raw,5.307,10.464,r5
r5_qwen_loudnorm,qwen3_loudnorm,7,natural_raw,6.596,7.176,r5
r5_qwen_loudnorm,qwen3_loudnorm,7,tts_raw,7.562,7.929,r5
r5_qwen_loudnorm,qwen3_loudnorm,8,natural_raw,5.753,8.418,r5
r5_qwen_loudnorm,qwen3_loudnorm,8,tts_raw,7.255,7.453,r5
r5_qwen_loudnorm,qwen3_loudnorm,9,natural_raw,6.551,6.774,r5
r5_qwen_loudnorm,qwen3_loudnorm,9,tts_raw,6.073,8.259,r5
r5_qwen_loudnorm,qwen3_loudnorm,10,natural_raw,5.52,8.02,r5
r5_qwen_loudnorm,qwen3_loudnorm,10,tts_raw,7.437,6.8,r5
r5_qwen_loudnorm,qwen3_loudnorm,11,natural_raw,5.634,8.168,r5
r5_qwen_loudnorm,qwen3_loudnorm,11,tts_raw,7.559,7.435,r5
r5_qwen_loudnorm,qwen3_loudnorm,12,natural_raw,7.07,6.981,r5
r5_qwen_loudnorm,qwen3_loudnorm,12,tts_raw,9.057,6.358,r5
r5_qwen_loudnorm,qwen3_loudnorm,13,natural_raw,4.495,8.599,r5
r5_qwen_loudnorm,qwen3_loudnorm,13,tts_raw,6.182,8.988,r5
r2_siliconflow_20260707T142139Z,siliconflow,1,natural_raw,4.84,8.445,r2
r2_siliconflow_20260707T142139Z,siliconflow,1,tts_raw,6.502,7.487,r2
r2_siliconflow_20260707T142139Z,siliconflow,2,natural_raw,5.323,8.739,r2
r2_siliconflow_20260707T142139Z,siliconflow,2,tts_raw,8.2,7.115,r2
r2_siliconflow_20260707T142139Z,siliconflow,3,natural_raw,6.153,7.826,r2
r2_siliconflow_20260707T142139Z,siliconflow,3,tts_raw,7.361,7.185,r2
r2_siliconflow_20260707T142139Z,siliconflow,4,natural_raw,5.398,9.251,r2
r2_siliconflow_20260707T142139Z,siliconflow,4,tts_raw,6.994,8.275,r2
r2_siliconflow_20260707T142139Z,siliconflow,5,natural_raw,5.089,8.305,r2
r2_siliconflow_20260707T142139Z,siliconflow,5,tts_raw,7.267,7.333,r2
r2_siliconflow_20260707T142139Z,siliconflow,6,natural_raw,5.317,8.527,r2
r2_siliconflow_20260707T142139Z,siliconflow,6,tts_raw,5.687,8.922,r2
r2_siliconflow_20260707T142139Z,siliconflow,7,natural_raw,6.465,7.309,r2
r2_siliconflow_20260707T142139Z,siliconflow,7,tts_raw,7.363,7.148,r2
r2_siliconflow_20260707T142139Z,siliconflow,8,natural_raw,5.853,8.331,r2
r2_siliconflow_20260707T142139Z,siliconflow,8,tts_raw,6.418,7.461,r2
r2_siliconflow_20260707T142139Z,siliconflow,9,natural_raw,6.281,6.955,r2
r2_siliconflow_20260707T142139Z,siliconflow,9,tts_raw,6.739,6.959,r2
r2_siliconflow_20260707T142139Z,siliconflow,10,natural_raw,5.686,7.927,r2
r2_siliconflow_20260707T142139Z,siliconflow,10,tts_raw,3.944,6.338,r2
r2_siliconflow_20260707T142139Z,siliconflow,11,natural_raw,5.746,8.05,r2
r2_siliconflow_20260707T142139Z,siliconflow,11,tts_raw,6.42,7.878,r2
r2_siliconflow_20260707T142139Z,siliconflow,12,natural_raw,7.136,7.044,r2
r2_siliconflow_20260707T142139Z,siliconflow,12,tts_raw,7.863,6.789,r2
r2_siliconflow_20260707T142139Z,siliconflow,13,natural_raw,4.336,8.891,r2
r2_siliconflow_20260707T142139Z,siliconflow,13,tts_raw,5.05,8.753,r2
